experiment_id,N_Tx,detector,BER
figures__ts0p2__memERFC3p6__pHit0p75__nbits100000__ntx25to250step25__seed2026__vmt25__svmt25,25,fixed_threshold,0.35312
figures__ts0p2__memERFC3p6__pHit0p75__nbits100000__ntx25to250step25__seed2026__vmt25__svmt25,25,legendre,0.27359
figures__ts0p2__memERFC3p6__pHit0p75__nbits100000__ntx25to250step25__seed2026__vmt25__svmt25,25,legendre_viterbi,0.23714
figures__ts0p2__memERFC3p6__pHit0p75__nbits100000__ntx25to250step25__seed2026__vmt25__svmt25,25,legendre_viterbi_strong_gpu_v2,0.23123
figures__ts0p2__memERFC3p6__pHit0p75__nbits100000__ntx25to250step25__seed2026__vmt25__svmt25,25,viterbi,0.29482
figures__ts0p2__memERFC3p6__pHit0p75__nbits100000__ntx25to250step25__seed2026__vmt25__svmt25,50,fixed_threshold,0.31838
figures__ts0p2__memERFC3p6__pHit0p75__nbits100000__ntx25to250step25__seed2026__vmt25__svmt25,50,legendre,0.21764
figures__ts0p2__memERFC3p6__pHit0p75__nbits100000__ntx25to250step25__seed2026__vmt25__svmt25,50,legendre_viterbi,0.16359
figures__ts0p2__memERFC3p6__pHit0p75__nbits100000__ntx25to250step25__seed2026__vmt25__svmt25,50,legendre_viterbi_strong_gpu_v2,0.15721
figures__ts0p2__memERFC3p6__pHit0p75__nbits100000__ntx25to250step25__seed2026__vmt25__svmt25,50,viterbi,0.24151
figures__ts0p2__memERFC3p6__pHit0p75__nbits100000__ntx25to250step25__seed2026__vmt25__svmt25,75,fixed_threshold,0.28801
figures__ts0p2__memERFC3p6__pHit0p75__nbits100000__ntx25to250step25__seed2026__vmt25__svmt25,75,legendre,0.1835
figures__ts0p2__memERFC3p6__pHit0p75__nbits100000__ntx25to250step25__seed2026__vmt25__svmt25,75,legendre_viterbi,0.11675
figures__ts0p2__memERFC3p6__pHit0p75__nbits100000__ntx25to250step25__seed2026__vmt25__svmt25,75,legendre_viterbi_strong_gpu_v2,0.11198
figures__ts0p2__memERFC3p6__pHit0p75__nbits100000__ntx25to250step25__seed2026__vmt25__svmt25,75,viterbi,0.20172
figures__ts0p2__memERFC3p6__pHit0p75__nbits100000__ntx25to250step25__seed2026__vmt25__svmt25,100,fixed_threshold,0.27754
figures__ts0p2__memERFC3p6__pHit0p75__nbits100000__ntx25to250step25__seed2026__vmt25__svmt25,100,legendre,0.16142
figures__ts0p2__memERFC3p6__pHit0p75__nbits100000__ntx25to250step25__seed2026__vmt25__svmt25,100,legendre_viterbi,0.08459
figures__ts0p2__memERFC3p6__pHit0p75__nbits100000__ntx25to250step25__seed2026__vmt25__svmt25,100,legendre_viterbi_strong_gpu_v2,0.07837
figures__ts0p2__memERFC3p6__pHit0p75__nbits100000__ntx25to250step25__seed2026__vmt25__svmt25,100,viterbi,0.1741
figures__ts0p2__memERFC3p6__pHit0p75__nbits100000__ntx25to250step25__seed2026__vmt25__svmt25,125,fixed_threshold,0.27053
figures__ts0p2__memERFC3p6__pHit0p75__nbits100000__ntx25to250step25__seed2026__vmt25__svmt25,125,legendre,0.14591
figures__ts0p2__memERFC3p6__pHit0p75__nbits100000__ntx25to250step25__seed2026__vmt25__svmt25,125,legendre_viterbi,0.06037
figures__ts0p2__memERFC3p6__pHit0p75__nbits100000__ntx25to250step25__seed2026__vmt25__svmt25,125,legendre_viterbi_strong_gpu_v2,0.05483
figures__ts0p2__memERFC3p6__pHit0p75__nbits100000__ntx25to250step25__seed2026__vmt25__svmt25,125,viterbi,0.14606
figures__ts0p2__memERFC3p6__pHit0p75__nbits100000__ntx25to250step25__seed2026__vmt25__svmt25,150,fixed_threshold,0.25989
figures__ts0p2__memERFC3p6__pHit0p75__nbits100000__ntx25to250step25__seed2026__vmt25__svmt25,150,legendre,0.13375
figures__ts0p2__memERFC3p6__pHit0p75__nbits100000__ntx25to250step25__seed2026__vmt25__svmt25,150,legendre_viterbi,0.04348
figures__ts0p2__memERFC3p6__pHit0p75__nbits100000__ntx25to250step25__seed2026__vmt25__svmt25,150,legendre_viterbi_strong_gpu_v2,0.04068
figures__ts0p2__memERFC3p6__pHit0p75__nbits100000__ntx25to250step25__seed2026__vmt25__svmt25,150,viterbi,0.12058
figures__ts0p2__memERFC3p6__pHit0p75__nbits100000__ntx25to250step25__seed2026__vmt25__svmt25,175,fixed_threshold,0.25856
figures__ts0p2__memERFC3p6__pHit0p75__nbits100000__ntx25to250step25__seed2026__vmt25__svmt25,175,legendre,0.12609
figures__ts0p2__memERFC3p6__pHit0p75__nbits100000__ntx25to250step25__seed2026__vmt25__svmt25,175,legendre_viterbi,0.03103
figures__ts0p2__memERFC3p6__pHit0p75__nbits100000__ntx25to250step25__seed2026__vmt25__svmt25,175,legendre_viterbi_strong_gpu_v2,0.02855
figures__ts0p2__memERFC3p6__pHit0p75__nbits100000__ntx25to250step25__seed2026__vmt25__svmt25,175,viterbi,0.10471
figures__ts0p2__memERFC3p6__pHit0p75__nbits100000__ntx25to250step25__seed2026__vmt25__svmt25,200,fixed_threshold,0.25498
figures__ts0p2__memERFC3p6__pHit0p75__nbits100000__ntx25to250step25__seed2026__vmt25__svmt25,200,legendre,0.11731
figures__ts0p2__memERFC3p6__pHit0p75__nbits100000__ntx25to250step25__seed2026__vmt25__svmt25,200,legendre_viterbi,0.0221
figures__ts0p2__memERFC3p6__pHit0p75__nbits100000__ntx25to250step25__seed2026__vmt25__svmt25,200,legendre_viterbi_strong_gpu_v2,0.01979
figures__ts0p2__memERFC3p6__pHit0p75__nbits100000__ntx25to250step25__seed2026__vmt25__svmt25,200,viterbi,0.08641
figures__ts0p2__memERFC3p6__pHit0p75__nbits100000__ntx25to250step25__seed2026__vmt25__svmt25,225,fixed_threshold,0.2525
figures__ts0p2__memERFC3p6__pHit0p75__nbits100000__ntx25to250step25__seed2026__vmt25__svmt25,225,legendre,0.11358
figures__ts0p2__memERFC3p6__pHit0p75__nbits100000__ntx25to250step25__seed2026__vmt25__svmt25,225,legendre_viterbi,0.01644
figures__ts0p2__memERFC3p6__pHit0p75__nbits100000__ntx25to250step25__seed2026__vmt25__svmt25,225,legendre_viterbi_strong_gpu_v2,0.01525
figures__ts0p2__memERFC3p6__pHit0p75__nbits100000__ntx25to250step25__seed2026__vmt25__svmt25,225,viterbi,0.0756
figures__ts0p2__memERFC3p6__pHit0p75__nbits100000__ntx25to250step25__seed2026__vmt25__svmt25,250,fixed_threshold,0.24863
figures__ts0p2__memERFC3p6__pHit0p75__nbits100000__ntx25to250step25__seed2026__vmt25__svmt25,250,legendre,0.10764
figures__ts0p2__memERFC3p6__pHit0p75__nbits100000__ntx25to250step25__seed2026__vmt25__svmt25,250,legendre_viterbi,0.01163
figures__ts0p2__memERFC3p6__pHit0p75__nbits100000__ntx25to250step25__seed2026__vmt25__svmt25,250,legendre_viterbi_strong_gpu_v2,0.00994
figures__ts0p2__memERFC3p6__pHit0p75__nbits100000__ntx25to250step25__seed2026__vmt25__svmt25,250,viterbi,0.06208
